,Property,Price,Links,Location,AvgTravelTime
0,Monthly Flexible Hotel Rental Near Clementi/Pasir Panjang/One-North MRT,"S$3,564/mo",https://www.propertyguru.com.sg/listing/24184194/for-rent-monthly-flexible-hotel-rental-near-clementi-pasir-panjang-one-north-mrt,367 Clementi Avenue 2,11
1,362 Clementi Avenue 2,"S$1,388/mo",https://www.propertyguru.com.sg/listing/hdb-for-rent-362-clementi-avenue-2-24270538,362 Clementi Avenue 2,2
2,330 Clementi Avenue 2,"S$3,800/mo",https://www.propertyguru.com.sg/listing/hdb-for-rent-330-clementi-avenue-2-21660421,330 Clementi Avenue 2,19
3,309 Clementi Avenue 4,"S$3,400/mo",https://www.propertyguru.com.sg/listing/hdb-for-rent-309-clementi-avenue-4-19550111,309 Clementi Avenue 4,3
4,Clementi Northarc,"S$4,000/mo",https://www.propertyguru.com.sg/listing/hdb-for-rent-clementi-northarc-24310150,Clementi Northarc,0
5,Hundred Trees,"S$3,600/mo",https://www.propertyguru.com.sg/listing/24316524/for-rent-hundred-trees,93 West Coast Drive,10
6,374 Clementi Avenue 4,"S$1,800/mo",https://www.propertyguru.com.sg/listing/hdb-for-rent-374-clementi-avenue-4-24317521,374 Clementi Avenue 4,8
7,372 Clementi Avenue 4,"S$1,200/mo",https://www.propertyguru.com.sg/listing/hdb-for-rent-372-clementi-avenue-4-24325127,372 Clementi Avenue 4,2
8,434 Clementi Avenue 3,"S$4,000/mo",https://www.propertyguru.com.sg/listing/hdb-for-rent-434-clementi-avenue-3-24291564,434 Clementi Avenue 3,20
9,Varsity Park Condominium,"S$2,000/mo",https://www.propertyguru.com.sg/listing/24324303/for-rent-varsity-park-condominium,62 West Coast Road,11
10,329 Clementi Avenue 2,"S$3,500/mo",https://www.propertyguru.com.sg/listing/hdb-for-rent-329-clementi-avenue-2-24281716,329 Clementi Avenue 2,4
11,Casa Clementi,"S$1,600/mo",https://www.propertyguru.com.sg/listing/hdb-for-rent-casa-clementi-22505726,Clementi Ave 1,12
12,The Parc Condominium,"S$3,800/mo",https://www.propertyguru.com.sg/listing/22562149/for-rent-the-parc-condominium,3 West Coast Walk,2
13,371 Clementi Avenue 4,"S$1,200/mo",https://www.propertyguru.com.sg/listing/hdb-for-rent-371-clementi-avenue-4-24311457,371 Clementi Avenue 4,5
14,430 Clementi Avenue 3,"S$2,999/mo",https://www.propertyguru.com.sg/listing/hdb-for-rent-430-clementi-avenue-3-20709288,430 Clementi Avenue 3,16
15,305 Clementi Avenue 4,"S$3,600/mo",https://www.propertyguru.com.sg/listing/hdb-for-rent-305-clementi-avenue-4-3324371,305 Clementi Avenue 4,3
16,341 Clementi Avenue 5,"S$3,500/mo",https://www.propertyguru.com.sg/listing/hdb-for-rent-341-clementi-avenue-5-12143780,341 Clementi Avenue 5,0
17,prev,"S$1,750/mo",javascript: void(0);,319 Clementi Avenue 4,3
18,The Trilinq,"S$3,800/mo",https://www.propertyguru.com.sg/listing/24301607/for-rent-the-trilinq,28B Jalan Lempeng,6
19,305 Clementi Avenue 4,"S$1,800/mo",https://www.propertyguru.com.sg/listing/hdb-for-rent-305-clementi-avenue-4-23393057,305 Clementi Avenue 4,14
20,311C Clementi Avenue 4,"S$4,000/mo",https://www.propertyguru.com.sg/listing/hdb-for-rent-311c-clementi-avenue-4-21665306,311C Clementi Avenue 4,3
21,Clementi Park,"S$1,500/mo",https://www.propertyguru.com.sg/listing/24180238/for-rent-clementi-park,44 Sunset Way,20
22,Parc Riviera,"S$3,900/mo",https://www.propertyguru.com.sg/listing/22690358/for-rent-parc-riviera,103 West Coast Vale,9
23,381 Clementi Avenue 5,"S$1,000/mo",https://www.propertyguru.com.sg/listing/hdb-for-rent-381-clementi-avenue-5-23213205,381 Clementi Avenue 5,16
24,Seahill,"S$3,800/mo",https://www.propertyguru.com.sg/listing/24279201/for-rent-seahill,121 West Coast Crescent,14
25,The Trilinq,"S$3,500/mo",https://www.propertyguru.com.sg/listing/20712770/for-rent-the-trilinq,28C Jalan Lempeng,0
26,364 Clementi Avenue 2,"S$1,350/mo",https://www.propertyguru.com.sg/listing/hdb-for-rent-364-clementi-avenue-2-24297070,364 Clementi Avenue 2,10
27,371 Clementi Avenue 4,"S$1,000/mo",https://www.propertyguru.com.sg/listing/hdb-for-rent-371-clementi-avenue-4-24326237,371 Clementi Avenue 4,13
28,329 Clementi Avenue 2,"S$3,500/mo",https://www.propertyguru.com.sg/listing/hdb-for-rent-329-clementi-avenue-2-13780964,329 Clementi Avenue 2,12
29,Hundred Trees,"S$3,600/mo",https://www.propertyguru.com.sg/listing/21640095/for-rent-hundred-trees,93 West Coast Drive,5
30,Botannia,S$900/mo,https://www.propertyguru.com.sg/listing/21118934/for-rent-botannia,27B West Coast Park,7
31,Pandan Valley,"S$1,800/mo",https://www.propertyguru.com.sg/listing/24263454/for-rent-pandan-valley,4 Pandan Valley,9
32,708 Clementi West Street 2,"S$1,250/mo",https://www.propertyguru.com.sg/listing/hdb-for-rent-708-clementi-west-street-2-24314177,708 Clementi West Street 2,13
33,Botannia,"S$2,980/mo",https://www.propertyguru.com.sg/listing/24323303/for-rent-botannia,31B West Coast Park,4
34,Botannia,"S$1,800/mo",https://www.propertyguru.com.sg/listing/24322446/for-rent-botannia,29B West Coast Park,15
35,Botannia,"S$2,600/mo",https://www.propertyguru.com.sg/listing/24322408/for-rent-botannia,29B West Coast Park,7
36,The Parc Condominium,"S$2,600/mo",https://www.propertyguru.com.sg/listing/24302905/for-rent-the-parc-condominium,1 West Coast Walk,0
37,The Parc Condominium,"S$1,700/mo",https://www.propertyguru.com.sg/listing/24302851/for-rent-the-parc-condominium,1 West Coast Walk,20
38,330 Clementi Avenue 2,"S$3,400/mo",https://www.propertyguru.com.sg/listing/hdb-for-rent-330-clementi-avenue-2-6354374,330 Clementi Avenue 2,2
39,208B Clementi Avenue 6,"S$1,580/mo",https://www.propertyguru.com.sg/listing/hdb-for-rent-208b-clementi-avenue-6-23754838,208B Clementi Avenue 6,4
40,232 Jurong East Street 21,"S$3,500/mo",https://www.propertyguru.com.sg/listing/hdb-for-rent-232-jurong-east-street-21-24308734,232 Jurong East Street 21,15
41,20 Teban Gardens Road,"S$1,200/mo",https://www.propertyguru.com.sg/listing/hdb-for-rent-20-teban-gardens-road-24323044,20 Teban Gardens Road,1
42,269 Toh Guan Road,S$950/mo,https://www.propertyguru.com.sg/listing/hdb-for-rent-269-toh-guan-road-24316390,269 Toh Guan Road,15
43,J Gateway,"S$3,999/mo",https://www.propertyguru.com.sg/listing/20490867/for-rent-j-gateway,2 Gateway Drive,20
44,J Gateway,"S$4,000/mo",https://www.propertyguru.com.sg/listing/24321321/for-rent-j-gateway,6 Gateway Drive,14
45,Ivory Heights,"S$1,200/mo",https://www.propertyguru.com.sg/listing/22474982/for-rent-ivory-heights,122 Jurong East Street 13,15
46,216 Jurong East Street 21,"S$1,000/mo",https://www.propertyguru.com.sg/listing/hdb-for-rent-216-jurong-east-street-21-24260413,216 Jurong East Street 21,11
47,Westmere,"S$1,350/mo",https://www.propertyguru.com.sg/listing/24162825/for-rent-westmere,71 Jurong East Street 13,9
48,287A Jurong East Street 21,"S$1,000/mo",https://www.propertyguru.com.sg/listing/hdb-for-rent-287a-jurong-east-street-21-22160827,287A Jurong East Street 21,7
49,201 Jurong East Street 21,"S$1,000/mo",https://www.propertyguru.com.sg/listing/hdb-for-rent-201-jurong-east-street-21-24310188,201 Jurong East Street 21,5
50,Ivory Heights,"S$1,700/mo",https://www.propertyguru.com.sg/listing/24246747/for-rent-ivory-heights,Jurong East Street 13,19
51,214 Jurong East Street 21,"S$1,500/mo",https://www.propertyguru.com.sg/listing/hdb-for-rent-214-jurong-east-street-21-24325182,214 Jurong East Street 21,13
52,J Gateway,"S$4,000/mo",https://www.propertyguru.com.sg/listing/23436818/for-rent-j-gateway,2 Gateway Drive,0
53,176 Bukit Batok West Avenue 8,S$999/mo,https://www.propertyguru.com.sg/listing/hdb-for-rent-176-bukit-batok-west-avenue-8-24309303,176 Bukit Batok West Avenue 8,20
54,270 Toh Guan Road,"S$1,000/mo",https://www.propertyguru.com.sg/listing/hdb-for-rent-270-toh-guan-road-24313684,270 Toh Guan Road,3
55,23 Teban Gardens Road,"S$1,100/mo",https://www.propertyguru.com.sg/listing/hdb-for-rent-23-teban-gardens-road-24150888,23 Teban Gardens Road,9
56,110 Jurong East Street 13,"S$3,399/mo",https://www.propertyguru.com.sg/listing/hdb-for-rent-110-jurong-east-street-13-24316454,110 Jurong East Street 13,11
57,101 Jurong East Street 13,"S$1,050/mo",https://www.propertyguru.com.sg/listing/hdb-for-rent-101-jurong-east-street-13-22360700,101 Jurong East Street 13,2
58,Parc Riviera,"S$3,500/mo",https://www.propertyguru.com.sg/listing/23970105/for-rent-parc-riviera,103 West Coast Vale,0
59,288E Jurong East Street 21,"S$1,100/mo",https://www.propertyguru.com.sg/listing/hdb-for-rent-288e-jurong-east-street-21-24307724,288E Jurong East Street 21,12
60,113 Jurong East Street 13,S$800/mo,https://www.propertyguru.com.sg/listing/hdb-for-rent-113-jurong-east-street-13-24295308,113 Jurong East Street 13,17
61,Ivory Heights,"S$1,050/mo",https://www.propertyguru.com.sg/listing/24280504/for-rent-ivory-heights,117 Jurong East Street 13,1
62,209 Jurong East Street 21,"S$1,000/mo",https://www.propertyguru.com.sg/listing/hdb-for-rent-209-jurong-east-street-21-24295497,209 Jurong East Street 21,2
63,Ivory Heights,"S$1,500/mo",https://www.propertyguru.com.sg/listing/24317553/for-rent-ivory-heights,122 Jurong East Street 13,13
64,Ivory Heights,"S$1,200/mo",https://www.propertyguru.com.sg/listing/24153517/for-rent-ivory-heights,122 Jurong East Street 13,1
65,J Gateway,"S$4,000/mo",https://www.propertyguru.com.sg/listing/23571718/for-rent-j-gateway,6 Gateway Drive,2
66,prev,"S$3,999/mo",javascript: void(0);,109 West Coast Vale,4
67,177 Bukit Batok West Avenue 8,"S$1,100/mo",https://www.propertyguru.com.sg/listing/hdb-for-rent-177-bukit-batok-west-avenue-8-24327418,177 Bukit Batok West Avenue 8,16
68,284 Toh Guan Road,S$650/mo,https://www.propertyguru.com.sg/listing/hdb-for-rent-284-toh-guan-road-23783774,284 Toh Guan Road,7
69,102 Jurong East Street 13,S$650/mo,https://www.propertyguru.com.sg/listing/hdb-for-rent-102-jurong-east-street-13-24251758,102 Jurong East Street 13,2
70,J Gateway,"S$3,888/mo",https://www.propertyguru.com.sg/listing/23002471/for-rent-j-gateway,2 Gateway Drive,3
71,208 Jurong East Street 21,"S$1,200/mo",https://www.propertyguru.com.sg/listing/hdb-for-rent-208-jurong-east-street-21-24311114,208 Jurong East Street 21,16
72,257 Jurong East Street 24,S$450/mo,https://www.propertyguru.com.sg/listing/hdb-for-rent-257-jurong-east-street-24-24307510,257 Jurong East Street 24,9
73,283 Toh Guan Road,"S$1,000/mo",https://www.propertyguru.com.sg/listing/hdb-for-rent-283-toh-guan-road-24319739,283 Toh Guan Road,2
74,208 Jurong East Street 21,"S$1,188/mo",https://www.propertyguru.com.sg/listing/hdb-for-rent-208-jurong-east-street-21-24319639,208 Jurong East Street 21,4
75,Springvale,"S$1,900/mo",https://www.propertyguru.com.sg/listing/24241381/for-rent-springvale,907 East Coast Road,7
76,Ivory Heights,"S$1,300/mo",https://www.propertyguru.com.sg/listing/23900093/for-rent-ivory-heights,123 Jurong East Street 13,6
77,Parc Oasis,"S$1,250/mo",https://www.propertyguru.com.sg/listing/24327787/for-rent-parc-oasis,41 Jurong East Avenue 1,14
78,Ivory Heights,"S$1,800/mo",https://www.propertyguru.com.sg/listing/24268766/for-rent-ivory-heights,117 Jurong East Street 13,15
79,269 Toh Guan Road,"S$1,200/mo",https://www.propertyguru.com.sg/listing/hdb-for-rent-269-toh-guan-road-24319387,269 Toh Guan Road,0
80,26 Ghim Moh Link,"S$3,500/mo",https://www.propertyguru.com.sg/listing/hdb-for-rent-26-ghim-moh-link-24301159,26 Ghim Moh Link,18
81,Heritage View,"S$2,400/mo",https://www.propertyguru.com.sg/listing/19579474/for-rent-heritage-view,10 Dover Rise,10
82,Holland Grove,"S$1,700/mo",https://www.propertyguru.com.sg/listing/23510684/for-rent-holland-grove,,3
83,21 Dover Crescent,"S$3,800/mo",https://www.propertyguru.com.sg/listing/hdb-for-rent-21-dover-crescent-24307600,21 Dover Crescent,20
84,Ridgewood Condominium,"S$1,500/mo",https://www.propertyguru.com.sg/listing/24220951/for-rent-ridgewood-condominium,15 Mount Sinai Rise,17
85,19 Dover Crescent,"S$1,700/mo",https://www.propertyguru.com.sg/listing/hdb-for-rent-19-dover-crescent-24301585,19 Dover Crescent,5
86,19 Dover Crescent,"S$1,700/mo",https://www.propertyguru.com.sg/listing/hdb-for-rent-19-dover-crescent-24303962,19 Dover Crescent,11
87,Holland Grove,"S$3,000/mo",https://www.propertyguru.com.sg/listing/24181263/for-rent-holland-grove,Holland Grove View,14
88,Astor Green,"S$1,600/mo",https://www.propertyguru.com.sg/listing/24308123/for-rent-astor-green,3 Pine Grove,12
89,Botannia,S$900/mo,https://www.propertyguru.com.sg/listing/21118934/for-rent-botannia,27B West Coast Park,5
90,Pandan Valley,"S$3,500/mo",https://www.propertyguru.com.sg/listing/24315363/for-rent-pandan-valley,2 Pandan Valley,0
91,31B Ghim Moh Edge,"S$1,500/mo",https://www.propertyguru.com.sg/listing/hdb-for-rent-31b-ghim-moh-edge-24317947,31B Ghim Moh Link,19
92,The Sierra,"S$3,500/mo",https://www.propertyguru.com.sg/listing/21123210/for-rent-the-sierra,80 Mount Sinai Drive,10
93,The Sierra,"S$3,700/mo",https://www.propertyguru.com.sg/listing/18258642/for-rent-the-sierra,80 Mount Sinai Drive,4
94,Astor Green,"S$3,600/mo",https://www.propertyguru.com.sg/listing/20686063/for-rent-astor-green,3 Pine Grove,0
95,222 Jurong East Street 21,"S$3,300/mo",https://www.propertyguru.com.sg/listing/hdb-for-rent-222-jurong-east-street-21-24319666,222 Jurong East Street 21,12
96,149 Bedok Reservoir Road,"S$3,700/mo",https://www.propertyguru.com.sg/listing/hdb-for-rent-149-bedok-reservoir-road-24319309,149 Bedok Reservoir Road,9
97,162 Mei Ling Street,"S$3,600/mo",https://www.propertyguru.com.sg/listing/hdb-for-rent-162-mei-ling-street-24255478,162 Mei Ling Street,1
98,2 Dover Road,"S$3,500/mo",https://www.propertyguru.com.sg/listing/hdb-for-rent-2-dover-road-24309506,2 Dover Road,6
99,Whistler Grand,"S$3,000/mo",https://www.propertyguru.com.sg/listing/24030466/for-rent-whistler-grand,107 West Coast Vale,7
100,"351 Cementi Avenue 2 , Singapore 120351","S$3,450/mo",https://www.propertyguru.com.sg/listing/hdb-for-rent-351-cementi-avenue-2-singapore-120351-23375700,,19
101,Dover Parkview,S$600/mo,https://www.propertyguru.com.sg/listing/24319884/for-rent-dover-parkview,36 Dover Rise,18
102,17 Dover Crescent,"S$1,800/mo",https://www.propertyguru.com.sg/listing/hdb-for-rent-17-dover-crescent-24320566,17 Dover Crescent,16
103,17 Dover Crescent,"S$1,800/mo",https://www.propertyguru.com.sg/listing/hdb-for-rent-17-dover-crescent-24320653,17 Dover Crescent,19
104,445B Clementi Avenue 3,"S$2,999/mo",https://www.propertyguru.com.sg/listing/hdb-for-rent-445b-clementi-avenue-3-24292888,445B Clementi Avenue 3,4
105,Dover Parkview,"S$2,200/mo",https://www.propertyguru.com.sg/listing/23810181/for-rent-dover-parkview,30 Dover Rise,14
106,366 Clementi Avenue 2,"S$3,800/mo",https://www.propertyguru.com.sg/listing/hdb-for-rent-366-clementi-avenue-2-21026403,366 Clementi Avenue 2,12
107,364 Clementi Avenue 2,"S$3,500/mo",https://www.propertyguru.com.sg/listing/hdb-for-rent-364-clementi-avenue-2-23377788,364 Clementi Avenue 2,4
108,Dover Parkview,"S$2,300/mo",https://www.propertyguru.com.sg/listing/21918629/for-rent-dover-parkview,30 Dover Rise,6
109,Botannia,"S$2,980/mo",https://www.propertyguru.com.sg/listing/24323303/for-rent-botannia,31B West Coast Park,18
110,Dover Parkview,"S$1,600/mo",https://www.propertyguru.com.sg/listing/24319875/for-rent-dover-parkview,36 Dover Rise,14
111,Dover Parkview,"S$1,400/mo",https://www.propertyguru.com.sg/listing/24319871/for-rent-dover-parkview,36 Dover Rise,20
112,Dover Parkview,"S$1,400/mo",https://www.propertyguru.com.sg/listing/24319870/for-rent-dover-parkview,36 Dover Rise,16
113,Dover Parkview,"S$2,400/mo",https://www.propertyguru.com.sg/listing/24319859/for-rent-dover-parkview,36 Dover Rise,19
114,2 Dover Road,"S$3,500/mo",https://www.propertyguru.com.sg/listing/hdb-for-rent-2-dover-road-24309506,2 Dover Road,19
115,One-North Residences,"S$3,950/mo",https://www.propertyguru.com.sg/listing/21063039/for-rent-one-north-residences,7 One-North Gateway,4
116,Commonwealth Towers,"S$3,999/mo",https://www.propertyguru.com.sg/listing/24324620/for-rent-commonwealth-towers,230 Commonwealth Avenue,11
117,Viva Vista,"S$3,450/mo",https://www.propertyguru.com.sg/listing/19412497/for-rent-viva-vista,3 South Buona Vista Road,13
118,Monthly Flexible Hotel Rental Near Clementi/Pasir Panjang/One-North MRT,"S$3,564/mo",https://www.propertyguru.com.sg/listing/24184194/for-rent-monthly-flexible-hotel-rental-near-clementi-pasir-panjang-one-north-mrt,,6
119,prev,"S$4,000/mo",javascript: void(0);,7 One-North Gateway,7
120,One-North Residences,"S$3,900/mo",https://www.propertyguru.com.sg/listing/24261639/for-rent-one-north-residences,7 One-North Gateway,17
121,Botannia,"S$2,300/mo",https://www.propertyguru.com.sg/listing/24119080/for-rent-botannia,33B West Coast Park,15
122,The Parc Condominium,"S$1,980/mo",https://www.propertyguru.com.sg/listing/24296855/for-rent-the-parc-condominium,1 West Coast Walk,4
123,Blue Horizon,"S$1,750/mo",https://www.propertyguru.com.sg/listing/24296873/for-rent-blue-horizon,31 West Coast Crescent,2
124,Botannia,"S$1,750/mo",https://www.propertyguru.com.sg/listing/24119082/for-rent-botannia,33B West Coast Park,8
125,One-North Residences,"S$2,500/mo",https://www.propertyguru.com.sg/listing/23817872/for-rent-one-north-residences,7 One-North Gateway,20
126,One-North Residences,"S$3,800/mo",https://www.propertyguru.com.sg/listing/21603333/for-rent-one-north-residences,7 One-North Gateway,11
127,Dover Parkview,"S$2,300/mo",https://www.propertyguru.com.sg/listing/21918629/for-rent-dover-parkview,30 Dover Rise,19
128,Heritage View,"S$2,400/mo",https://www.propertyguru.com.sg/listing/19579474/for-rent-heritage-view,10 Dover Rise,16
129,Studio at clementi,"S$3,200/mo",https://www.propertyguru.com.sg/listing/23561854/for-rent-studio-at-clementi,,6
130,169 Stirling Road,"S$3,350/mo",https://www.propertyguru.com.sg/listing/hdb-for-rent-169-stirling-road-21988790,169 Stirling Road,4
131,Dover Parkview,"S$2,200/mo",https://www.propertyguru.com.sg/listing/23810181/for-rent-dover-parkview,30 Dover Rise,13
132,Alexis,"S$4,000/mo",https://www.propertyguru.com.sg/listing/24296465/for-rent-alexis,356 Alexandra Road,10
133,One-North Residences,"S$3,000/mo",https://www.propertyguru.com.sg/listing/24251100/for-rent-one-north-residences,7 One-North Gateway,16
134,Ivory Heights,"S$1,800/mo",https://www.propertyguru.com.sg/listing/24268766/for-rent-ivory-heights,117 Jurong East Street 13,8
135,RiverTrees Residences,"S$3,600/mo",https://www.propertyguru.com.sg/listing/24325049/for-rent-rivertrees-residences,21 Fernvale Close,15
136,Seletar Park Residence,"S$3,200/mo",https://www.propertyguru.com.sg/listing/23461863/for-rent-seletar-park-residence,21 Seletar Road,14
137,641 Rowell Road,"S$1,500/mo",https://www.propertyguru.com.sg/listing/hdb-for-rent-641-rowell-road-24293648,641 Rowell Road,7
138,Sky Vue,"S$3,700/mo",https://www.propertyguru.com.sg/listing/23349081/for-rent-sky-vue,3 Bishan Street 15,20
139,641 Rowell Road,"S$2,200/mo",https://www.propertyguru.com.sg/listing/hdb-for-rent-641-rowell-road-24259865,641 Rowell Road,18
140,104 Bedok North Avenue 4,"S$3,500/mo",https://www.propertyguru.com.sg/listing/hdb-for-rent-104-bedok-north-avenue-4-21676264,104 Bedok North Avenue 4,2
141,110 Pasir Ris Street 11,"S$1,000/mo",https://www.propertyguru.com.sg/listing/hdb-for-rent-110-pasir-ris-street-11-24291207,110 Pasir Ris Street 11,19
142,31B Ghim Moh Edge,"S$1,500/mo",https://www.propertyguru.com.sg/listing/hdb-for-rent-31b-ghim-moh-edge-24317947,31B Ghim Moh Link,5
143,Queens,"S$2,600/mo",https://www.propertyguru.com.sg/listing/22085624/for-rent-queens,12 Stirling Road,10
144,Sky Vue,"S$4,000/mo",https://www.propertyguru.com.sg/listing/22278593/for-rent-sky-vue,1 Bishan Street 15,7
145,Spottiswoode Suites,"S$3,600/mo",https://www.propertyguru.com.sg/listing/23219646/for-rent-spottiswoode-suites,16 Spottiswoode Park Road,7
146,North Park Residences,"S$3,100/mo",https://www.propertyguru.com.sg/listing/23360094/for-rent-north-park-residences,21 Yishun Central 1,15
147,19 Ghim Moh Road,"S$3,300/mo",https://www.propertyguru.com.sg/listing/hdb-for-rent-19-ghim-moh-road-21481683,19 Ghim Moh Road,2
148,Condo Master Bedroom | MRT 3 Mins Walk | Very Near CBD,"S$2,600/mo",https://www.propertyguru.com.sg/listing/21723515/for-rent-condo-master-bedroom-mrt-3-mins-walk-very-near-cbd,Stirling Road,19
149,162 Mei Ling Street,"S$3,600/mo",https://www.propertyguru.com.sg/listing/hdb-for-rent-162-mei-ling-street-24255478,162 Mei Ling Street,15
150,19 Ghim Moh Road,"S$1,000/mo",https://www.propertyguru.com.sg/listing/hdb-for-rent-19-ghim-moh-road-24315649,19 Ghim Moh Road,15
151,Alex Residences,"S$4,000/mo",https://www.propertyguru.com.sg/listing/24300449/for-rent-alex-residences,Alexandra View,7
152,The Garden Residences,"S$3,988/mo",https://www.propertyguru.com.sg/listing/23821617/for-rent-the-garden-residences,7 Serangoon North View,9
153,prev,"S$3,600/mo",javascript: void(0);,253B Pasir Panjang Road,2
154,One-North Residences,"S$4,000/mo",https://www.propertyguru.com.sg/listing/21314427/for-rent-one-north-residences,7 One-North Gateway,15
155,One-North Residences,"S$4,000/mo",https://www.propertyguru.com.sg/listing/23365296/for-rent-one-north-residences,7 One-North Gateway,0
156,Trilive,"S$3,500/mo",https://www.propertyguru.com.sg/listing/24327360/for-rent-trilive,115 Tampines Road,20
157,149 Yishun Street 11,"S$1,500/mo",https://www.propertyguru.com.sg/listing/hdb-for-rent-149-yishun-street-11-24150719,149 Yishun Street 11,5
158,Common Room in Regent Park,"$1,900/mo",https://99.co/singapore/rooms/property/regent-park-condo-eB9ZSWxvB7q3nv6mJ4DBH7#enquiry_source--Search,Regent Park,15
159,Master Room in 310 Clementi Avenue 4,"$1,500/mo",https://99.co/singapore/rooms/property/310-clementi-avenue-4-hdb-UWgppkyf7V4TT2n57S3Tjx#enquiry_source--Search,310 Clementi Avenue 4,16
160,Common Room in 332 Clementi Avenue 2,"$1,200/mo",https://99.co/singapore/rooms/property/332-clementi-avenue-2-hdb-Rc7hE8eCK2yKzdJd5jA6mU#enquiry_source--Search,332 Clementi Avenue 2,20
161,Common Room in 352 Clementi Avenue 2,"$1,900/mo",https://99.co/singapore/rooms/property/352-clementi-avenue-2-hdb-PkH7DwPBKU5Mz9p8KJndsk#enquiry_source--Search,352 Clementi Avenue 2,4
162,Common Room in 371 Clementi Avenue 4,"$1,000/mo",https://99.co/singapore/rooms/property/371-clementi-avenue-4-hdb-8prEoGPbGZpReMCkrURcDy#enquiry_source--Search,371 Clementi Avenue 4,14
163,Master Room in 417 Clementi Avenue 1,"$1,800/mo",https://99.co/singapore/rooms/property/417-clementi-avenue-1-hdb-kFQe9Edo6vqkEkfAH4XafF#enquiry_source--Search,417 Clementi Avenue 1,1
164,Common Room in 376 Clementi Avenue 4,"$1,500/mo",https://99.co/singapore/rooms/property/376-clementi-avenue-4-hdb-JpUaVV9FkaaJ4P7ESGgm8o#enquiry_source--Search,376 Clementi Avenue 4,8
165,Common Room in 372 Clementi Avenue 4,"$1,100/mo",https://99.co/singapore/rooms/property/372-clementi-avenue-4-hdb-BaTJGNCzE6AvEVPxMhrxRh#enquiry_source--Search,372 Clementi Avenue 4,7
166,Master Room in 418 Clementi Avenue 1,"$1,550/mo",https://99.co/singapore/rooms/property/418-clementi-avenue-1-hdb-Gne9hhXXVi2BHHNeQ3QAYd#enquiry_source--Search,418 Clementi Avenue 1,4
167,Common Room in 376 Clementi Avenue 4,$400/mo,https://99.co/singapore/rooms/property/376-clementi-avenue-4-hdb-KneDYFnJtfPC4noFyw4Zki#enquiry_source--Search,376 Clementi Avenue 4,16
168,Common Room in 458 Clementi Avenue 3,"$1,200/mo",https://99.co/singapore/rooms/property/458-clementi-avenue-3-hdb-oJ7MitaoyLEBotpTFgEvmX#enquiry_source--Search,458 Clementi Avenue 3,0
169,Common Room in 101 Clementi Street 14,$900/mo,https://99.co/singapore/rooms/property/101-clementi-street-14-hdb-FRYjTUgvHbH6ufZjW2QkT4#enquiry_source--Search,101 Clementi Street 14,12
170,Common Room in The Trilinq,"$1,700/mo",https://99.co/singapore/rooms/property/the-trilinq-condo-GYdYADwB9rEfNXsBvNRGuF#enquiry_source--Search,The Trilinq,17
171,Room in 461 Clementi Avenue 3,"$1,200/mo",https://99.co/singapore/rooms/property/461-clementi-avenue-3-hdb-Wkp5ThrNjGB7puqc6nKtGp#enquiry_source--Search,461 Clementi Avenue 3,15
172,Common Room in 101 Clementi Street 14,$900/mo,https://99.co/singapore/rooms/property/101-clementi-street-14-hdb-kujezivkJb2xVtrJP7ySdN#enquiry_source--Search,101 Clementi Street 14,7
173,Room in 101 Clementi Street 14,$900/mo,https://99.co/singapore/rooms/property/101-clementi-street-14-hdb-GoRusyjXvQFfLQPPKSwQ9V#enquiry_source--Search,101 Clementi Street 14,5
174,Common Room in 433 Clementi Avenue 3,$900/mo,https://99.co/singapore/rooms/property/433-clementi-avenue-3-hdb-8AT8c75zCZSoXVEBrvpfRJ#enquiry_source--Search,433 Clementi Avenue 3,10
175,Room in 312C Clementi Avenue 4,"$2,000/mo",https://99.co/singapore/rooms/property/312c-clementi-avenue-4-hdb-FWcGzpQPGWCM5xduru3Fzb#enquiry_source--Search,312C Clementi Avenue 4,7
176,Room in 312C Clementi Avenue 4,"$1,500/mo",https://99.co/singapore/rooms/property/312c-clementi-avenue-4-hdb-UxVzdwsjprcLLHoReECmmc#enquiry_source--Search,312C Clementi Avenue 4,1
177,Room in 374 Clementi Avenue 4,"$1,800/mo",https://99.co/singapore/rooms/property/374-clementi-avenue-4-hdb-V4sPA3fGDcdQWr2JsfcmWr#enquiry_source--Search,374 Clementi Avenue 4,18
178,Common Room in 310 Clementi Avenue 4,"$1,200/mo",https://99.co/singapore/rooms/property/310-clementi-avenue-4-hdb-nZQFCotAciPuqbytGpHp4R#enquiry_source--Search,310 Clementi Avenue 4,5
179,Master Room in The Parc Condominium,"$1,750/mo",https://99.co/singapore/rooms/property/the-parc-condominium-condo-D5ni5Swc2hz84zBJKExAki#enquiry_source--Search,The Parc Condominium,4
180,Common Room in 374 Clementi Avenue 4,"$1,800/mo",https://99.co/singapore/rooms/property/374-clementi-avenue-4-hdb-aBZFNzDL6eujnsosVpoVJT#enquiry_source--Search,374 Clementi Avenue 4,17
181,Master Room in 208B Clementi Avenue 6,"$1,580/mo",https://99.co/singapore/rooms/property/208b-clementi-avenue-6-hdb-M9Kq2QRenQosdcUxdkXSve#enquiry_source--Search,208B Clementi Avenue 6,19
182,Master Room in 330 Clementi Avenue 2,"$1,200/mo",https://99.co/singapore/rooms/property/330-clementi-avenue-2-hdb-354J9yMfpvPKbUHHGWuSTD#enquiry_source--Search,330 Clementi Avenue 2,7
183,Master Room in The Parc Condominium,"$2,300/mo",https://99.co/singapore/rooms/property/the-parc-condominium-condo-4zj9Scu3Hx7JLXFYZ9XZzj#enquiry_source--Search,The Parc Condominium,0
184,Common Room in The Parc Condominium,"$1,700/mo",https://99.co/singapore/rooms/property/the-parc-condominium-condo-emtihAcRrZ6Lo5auMHpURz#enquiry_source--Search,The Parc Condominium,0
185,Master Room in 305 Clementi Avenue 4,"$1,800/mo",https://99.co/singapore/rooms/property/305-clementi-avenue-4-hdb-PyniXuE9KXqhFS8zMqZd4k#enquiry_source--Search,305 Clementi Avenue 4,18
186,Common Room in 509 West Coast Drive,"$1,500/mo",https://99.co/singapore/rooms/property/509-west-coast-drive-hdb-X7U5xE4LtoVtKsMCj5dzYm#enquiry_source--Search,509 West Coast Drive,13
187,Common Room in The Parc Condominium,"$1,750/mo",https://99.co/singapore/rooms/property/the-parc-condominium-condo-ZdMqKyMrvgc4H8seUwZm3g#enquiry_source--Search,The Parc Condominium,7
188,Master Room in The Parc Condominium,"$3,000/mo",https://99.co/singapore/rooms/property/the-parc-condominium-condo-gah7uCn6atAQHidrRT3FiW#enquiry_source--Search,The Parc Condominium,15
189,Common Room in 449 Clementi Avenue 3,"$1,800/mo",https://99.co/singapore/rooms/property/449-clementi-avenue-3-hdb-dup2rhf3SzZ592bE7PKFSJ#enquiry_source--Search,449 Clementi Avenue 3,2
190,Common Room in 332 Clementi Avenue 2,"$1,200/mo",https://99.co/singapore/rooms/property/332-clementi-avenue-2-hdb-UqproFzMWpxDZ5jrGoLtBJ#enquiry_source--Search,332 Clementi Avenue 2,13
191,Common Room in 462 Clementi Avenue 3,"$1,300/mo",https://99.co/singapore/rooms/property/462-clementi-avenue-3-hdb-Ka2TaQFtPXptBpesTvwRCb#enquiry_source--Search,462 Clementi Avenue 3,6
192,Room in 372 Clementi Avenue 4,"$1,200/mo",https://99.co/singapore/rooms/property/372-clementi-avenue-4-hdb-BZZjYUQGLo5FQEGSnLd9c4#enquiry_source--Search,372 Clementi Avenue 4,4
193,Master Room in 319 Clementi Avenue 4,"$1,750/mo",https://99.co/singapore/rooms/property/319-clementi-avenue-4-hdb-jcwYJWGEVEbuKA8MYEPGnE#enquiry_source--Search,319 Clementi Avenue 4,0
194,Common Room in 341 Clementi Avenue 5,"$1,000/mo",https://99.co/singapore/rooms/property/341-clementi-avenue-5-hdb-6QHJ8n64zhMSqNjaDteUYa#enquiry_source--Search,341 Clementi Avenue 5,1
195,Room in 202 Clementi Avenue 6,"$1,050/mo",https://99.co/singapore/rooms/property/202-clementi-avenue-6-hdb-ea9Hg7nQMTgNJQea9qXTpB#enquiry_source--Search,202 Clementi Avenue 6,13
196,Common Room in The Parc Condominium,"$2,200/mo",https://99.co/singapore/rooms/property/the-parc-condominium-condo-AgzxpxWzv7KfbSWvudLY9s#enquiry_source--Search,The Parc Condominium,5
197,Common Room in 462 Clementi Avenue 3,"$1,300/mo",https://99.co/singapore/rooms/property/462-clementi-avenue-3-hdb-2b4HboWqcDvinpgD3qjhGL#enquiry_source--Search,462 Clementi Avenue 3,2
198,Common Room in Westpeak Terrace,"$2,000/mo",https://99.co/singapore/rooms/property/west-coast-walk-landed-WSpUHHcyvazc92wgANAL8U#enquiry_source--Search,Westpeak Terrace,4
199,Common Room in Westpeak Terrace,"$2,000/mo",https://99.co/singapore/rooms/property/west-coast-walk-landed-iRprvBXnexyUvixkELUSTy#enquiry_source--Search,Westpeak Terrace,3
200,Master Room in 441A Clementi Avenue 3,"$1,400/mo",https://99.co/singapore/rooms/property/441a-clementi-avenue-3-hdb-E3nFzBo2QiwZ7VinWqKBaK#enquiry_source--Search,441A Clementi Avenue 3,3
201,Common Room in 371 Clementi Avenue 4,"$1,200/mo",https://99.co/singapore/rooms/property/371-clementi-avenue-4-hdb-5D8aEY7zbqt85ibeqbZe8A#enquiry_source--Search,371 Clementi Avenue 4,14
202,Master Room in The Parc Condominium,"$2,200/mo",https://99.co/singapore/rooms/property/the-parc-condominium-condo-T6TFptiYLWETCEyLc5TsuD#enquiry_source--Search,The Parc Condominium,9
203,Common Room in 375 Clementi Avenue 4,"$1,800/mo",https://99.co/singapore/rooms/property/375-clementi-avenue-4-hdb-HA8ChdRQq5rre6wqminJ2X#enquiry_source--Search,375 Clementi Avenue 4,6
204,Room in 375 Clementi Avenue 4,"$1,800/mo",https://99.co/singapore/rooms/property/375-clementi-avenue-4-hdb-38F3cWNzAaoweeaGJ2LjzG#enquiry_source--Search,375 Clementi Avenue 4,7
205,Common Room in Freesia Woods,"$1,888/mo",https://99.co/singapore/rooms/property/freesia-woods-condo-53rudduaKC6VQN5L2Rgj5c#enquiry_source--Search,Freesia Woods,9
206,Master Room in 362 Clementi Avenue 2,"$1,388/mo",https://99.co/singapore/rooms/property/362-clementi-avenue-2-hdb-MJRHjq9hGqSpixtchAaX5R#enquiry_source--Search,362 Clementi Avenue 2,13
207,Master Room in 425 Clementi Avenue 1,"$1,450/mo",https://99.co/singapore/rooms/property/425-clementi-avenue-1-hdb-gmxAsYXH96znDPSprwow6V#enquiry_source--Search,425 Clementi Avenue 1,20
208,Common Room in 430 Clementi Avenue 3,"$1,400/mo",https://99.co/singapore/rooms/property/430-clementi-avenue-3-hdb-TUFWxiR6JC43rZAMRvMDa3#enquiry_source--Search,430 Clementi Avenue 3,3
209,Master Room in 341 Clementi Avenue 5,"$1,300/mo",https://99.co/singapore/rooms/property/341-clementi-avenue-5-hdb-NBiHRkojr8DzgKn895ntZ8#enquiry_source--Search,341 Clementi Avenue 5,7
210,Room in 449 Clementi Avenue 3,"$1,800/mo",https://99.co/singapore/rooms/property/449-clementi-avenue-3-hdb-GC4oeQqS8WAf6vA9VCAnuC#enquiry_source--Search,449 Clementi Avenue 3,16
211,Master Room in 729 Clementi West Street 2,"$1,600/mo",https://99.co/singapore/rooms/property/729-clementi-west-street-2-hdb-AqCEsntoZHo3guRwkYSgxv#enquiry_source--Nearby_Listings,729 Clementi West Street 2,18
212,Common Room in Parc Riviera,"$1,350/mo",https://99.co/singapore/rooms/property/parc-riviera-condo-MYKbGz4ifFFKfNFguRs2dL#enquiry_source--Nearby_Listings,Parc Riviera,19
213,Master Room in Whistler Grand,"$2,900/mo",https://99.co/singapore/rooms/property/whistler-grand-condo-NLGhbcXERSLsfYnKGM7N2s#enquiry_source--Nearby_Listings,Whistler Grand,15
214,Master Room in Botannia,"$2,900/mo",https://99.co/singapore/rooms/property/botannia-condo-FBq8mom7FrQWcL23inRing#enquiry_source--Nearby_Listings,Botannia,7
215,Master Room in The Trizon,"$11,500/mo",https://99.co/singapore/rooms/property/the-trizon-condo-RmWKyjMKa46XzHskWt6suQ#enquiry_source--Nearby_Listings,The Trizon,16
216,Common Room in Botannia,"$1,750/mo",https://99.co/singapore/rooms/property/botannia-condo-JQokLPwDfQgWteWpwdesCW#enquiry_source--Nearby_Listings,Botannia,1
217,Common Room in Botannia,"$2,300/mo",https://99.co/singapore/rooms/property/botannia-condo-dmC864DMEKeCeFynJ2HfMM#enquiry_source--Nearby_Listings,Botannia,14
218,Common Room in 706 Clementi West Street 2,"$1,300/mo",https://99.co/singapore/rooms/property/706-clementi-west-street-2-hdb-SKMhNmQoZdwYmcVzUB8EfW#enquiry_source--Nearby_Listings,706 Clementi West Street 2,11
219,Master Room in Botannia,"$2,600/mo",https://99.co/singapore/rooms/property/botannia-condo-jKrcySptD7kwbHPpuK8Jou#enquiry_source--Nearby_Listings,Botannia,17
220,Common Room in Botannia,"$1,800/mo",https://99.co/singapore/rooms/property/botannia-condo-QGwQBys8sHzHGHutyU3eNj#enquiry_source--Nearby_Listings,Botannia,9
221,Room in West Bay Condominium,"$1,900/mo",https://99.co/singapore/rooms/property/west-bay-condominium-condo-8RDxAiov5m322NwSJhEpsy#enquiry_source--Nearby_Listings,West Bay Condominium,16
222,Room in Botannia,"$2,900/mo",https://99.co/singapore/rooms/property/botannia-condo-Ui7QCupdV7aUDzdYXkhxNp#enquiry_source--Nearby_Listings,Botannia,15
223,Master Room in West Bay Condominium,"$2,000/mo",https://99.co/singapore/rooms/property/west-bay-condominium-condo-TZpLAZkXEWUxb8rj5EwADm#enquiry_source--Nearby_Listings,West Bay Condominium,2
224,Room in Botannia,"$1,900/mo",https://99.co/singapore/rooms/property/botannia-condo-TMzbpgJUEnCiFyurDjebrQ#enquiry_source--Nearby_Listings,Botannia,3
225,Common Room in Parc Riviera,"$1,350/mo",https://99.co/singapore/rooms/property/parc-riviera-condo-f6VAaiMg6Nuxi7QmSoRUCf#enquiry_source--Nearby_Listings,Parc Riviera,11
226,Master Room in Botannia,"$2,500/mo",https://99.co/singapore/rooms/property/botannia-condo-fKKsZyJ3nimYhyaJVSA3Bu#enquiry_source--Nearby_Listings,Botannia,10
227,Common Room in Pandan Valley,"$1,300/mo",https://99.co/singapore/rooms/property/pandan-valley-condo-b2XFuB7W2we2TRGTWi82aX#enquiry_source--Nearby_Listings,Pandan Valley,10
228,Master Room in Ivory Heights,"$1,500/mo",https://99.co/singapore/rooms/property/ivory-heights-condo-eMzJ89W4tg5R7eAsAJzmBw#enquiry_source--Search,Ivory Heights,16
229,Common Room in 265 Toh Guan Road,"$1,200/mo",https://99.co/singapore/rooms/property/265-toh-guan-road-hdb-9czh92qXhhjdp8MpLtEJBD#enquiry_source--Search,265 Toh Guan Road,9
230,Common Room in 269 Toh Guan Road,"$1,000/mo",https://99.co/singapore/rooms/property/269-toh-guan-road-hdb-juNXwPJScqzLbPV2djWwRM#enquiry_source--Search,269 Toh Guan Road,11
231,Common Room in 232 Jurong East Street 21,"$1,000/mo",https://99.co/singapore/rooms/property/232-jurong-east-street-21-hdb-3LVpE3pzEvRsnWxNckXBCF#enquiry_source--Search,232 Jurong East Street 21,4
232,Common Room in 279 Toh Guan Road,"$1,500/mo",https://99.co/singapore/rooms/property/279-toh-guan-road-hdb-iPAcwQJMLjngAkRGWbsE4j#enquiry_source--Search,279 Toh Guan Road,3
233,Common Room in 284 Toh Guan Road,$650/mo,https://99.co/singapore/rooms/property/284-toh-guan-road-hdb-v9UuYLkHSticcMP65snuXU#enquiry_source--Search,284 Toh Guan Road,11
234,Common Room in 208 Jurong East Street 21,"$1,100/mo",https://99.co/singapore/rooms/property/208-jurong-east-street-21-hdb-RPCSZTgNStBRKmRCFFyBY2#enquiry_source--Search,208 Jurong East Street 21,17
235,Common Room in 214 Jurong East Street 21,"$1,500/mo",https://99.co/singapore/rooms/property/214-jurong-east-street-21-hdb-UmY3J2NPabxSGweayQkRVA#enquiry_source--Search,214 Jurong East Street 21,19
236,Room in Ivory Heights,"$1,700/mo",https://99.co/singapore/rooms/property/ivory-heights-condo-RZnyHPybzNvCXJ9Aa9YZML#enquiry_source--Search,Ivory Heights,15
237,Common Room in 284 Toh Guan Road,$650/mo,https://99.co/singapore/rooms/property/284-toh-guan-road-hdb-3ViouF4rpHxji574gj66w3#enquiry_source--Search,284 Toh Guan Road,5
238,Room in 216 Jurong East Street 21,"$1,200/mo",https://99.co/singapore/rooms/property/216-jurong-east-street-21-hdb-6SHc3XzHCeVgmtRMGiZmtN#enquiry_source--Search,216 Jurong East Street 21,13
239,Room in 216 Jurong East Street 21,"$1,000/mo",https://99.co/singapore/rooms/property/216-jurong-east-street-21-hdb-huQ86Jciidcxv4mEZ9SQkR#enquiry_source--Search,216 Jurong East Street 21,0
240,Master Room in 216 Jurong East Street 21,"$2,000/mo",https://99.co/singapore/rooms/property/216-jurong-east-street-21-hdb-7JRF7jyTgCAFAn6H6dy36f#enquiry_source--Search,216 Jurong East Street 21,8
241,Master Room in 208 Jurong East Street 21,"$1,500/mo",https://99.co/singapore/rooms/property/208-jurong-east-street-21-hdb-eoVZWm6SeQUMfQdY8kgErz#enquiry_source--Search,208 Jurong East Street 21,2
242,Master Room in Ivory Heights,"$2,000/mo",https://99.co/singapore/rooms/property/ivory-heights-condo-25Z4P9SDVteVmVfj8D8PxA#enquiry_source--Search,Ivory Heights,1
243,Common Room in 208 Jurong East Street 21,"$1,100/mo",https://99.co/singapore/rooms/property/208-jurong-east-street-21-hdb-9on3sjkzDzyfGd4FxbCaKp#enquiry_source--Search,208 Jurong East Street 21,6
244,Common Room in 232 Jurong East Street 21,"$1,000/mo",https://99.co/singapore/rooms/property/232-jurong-east-street-21-hdb-ESGYzqJ3GzadzwtThXkEcT#enquiry_source--Search,232 Jurong East Street 21,8
245,Room in 208 Jurong East Street 21,"$1,188/mo",https://99.co/singapore/rooms/property/208-jurong-east-street-21-hdb-DjQCWWt3QYSfEVEru9pzdG#enquiry_source--Search,208 Jurong East Street 21,8
246,Common Room in 208 Jurong East Street 21,"$1,100/mo",https://99.co/singapore/rooms/property/208-jurong-east-street-21-hdb-Xye33ySM9LzydfzEXgZgwN#enquiry_source--Search,208 Jurong East Street 21,0
247,Common Room in 208 Jurong East Street 21,"$1,100/mo",https://99.co/singapore/rooms/property/208-jurong-east-street-21-hdb-GN6Qv7ecyPhiPiBsMEPr6H#enquiry_source--Search,208 Jurong East Street 21,9
248,Common Room in 208 Jurong East Street 21,"$1,100/mo",https://99.co/singapore/rooms/property/208-jurong-east-street-21-hdb-ipTK8NwV3chGLT3tA9jyai#enquiry_source--Search,208 Jurong East Street 21,20
249,Master Room in 208 Jurong East Street 21,"$1,200/mo",https://99.co/singapore/rooms/property/208-jurong-east-street-21-hdb-USXehGAKqD6NaY6PEyGYi8#enquiry_source--Search,208 Jurong East Street 21,12
250,Master Room in 238 Jurong East Street 21,"$3,500/mo",https://99.co/singapore/rooms/property/238-jurong-east-street-21-hdb-E6sPesyPwG6oRjeHzag2xC#enquiry_source--Search,238 Jurong East Street 21,0
251,Master Room in 288C Jurong East Street 21,"$1,600/mo",https://99.co/singapore/rooms/property/288c-jurong-east-street-21-hdb-KFQpMdrLkaSTHCV5PRNN2B#enquiry_source--Search,288C Jurong East Street 21,15
252,Master Room in Ivory Heights,"$1,800/mo",https://99.co/singapore/rooms/property/ivory-heights-condo-hTy8xK4h8GD5iDXF5EAaY7#enquiry_source--Search,Ivory Heights,13
253,Common Room in Ivory Heights,"$1,050/mo",https://99.co/singapore/rooms/property/ivory-heights-condo-PNmmSAuuSZ9RmDaaJ8FNin#enquiry_source--Search,Ivory Heights,11
254,Common Room in Ivory Heights,"$1,300/mo",https://99.co/singapore/rooms/property/ivory-heights-condo-QZHpxScofEdipMxV5dsyTG#enquiry_source--Search,Ivory Heights,2
255,Room in J Gateway,"$6,700/mo",https://99.co/singapore/rooms/property/j-gateway-condo-Sd2cJjZPnFQXh3bn3BZcBd#enquiry_source--Search,J Gateway,10
256,Common Room in 113 Jurong East Street 13,"$1,200/mo",https://99.co/singapore/rooms/property/113-jurong-east-street-13-hdb-j5A2y82iXxA3WSoQQ25jXF#enquiry_source--Search,113 Jurong East Street 13,2
257,Master Room in Ivory Heights,"$1,700/mo",https://99.co/singapore/rooms/property/ivory-heights-condo-nr96wdcdj8crNVB7GUUrgB#enquiry_source--Search,Ivory Heights,12
258,Common Room in 113 Jurong East Street 13,$800/mo,https://99.co/singapore/rooms/property/113-jurong-east-street-13-hdb-UZXTsfC3cBWW4pfYRjM36Q#enquiry_source--Search,113 Jurong East Street 13,3
259,Room in 249 Jurong East Street 24,"$1,400/mo",https://99.co/singapore/rooms/property/249-jurong-east-street-24-hdb-4KZSEe7gLiQTzGPus5vxtB#enquiry_source--Search,249 Jurong East Street 24,5
260,Common Room in 113 Jurong East Street 13,$800/mo,https://99.co/singapore/rooms/property/113-jurong-east-street-13-hdb-WQX5jyuQzLNsSud8fckYAD#enquiry_source--Search,113 Jurong East Street 13,18
261,Master Room in Ivory Heights,"$1,200/mo",https://99.co/singapore/rooms/property/ivory-heights-condo-ViM2PbrtZUeSe6L88ZgXV8#enquiry_source--Search,Ivory Heights,12
262,Room in Westmere,"$2,000/mo",https://99.co/singapore/rooms/property/westmere-condo-j2wCm7vTkpVbLA5axutBHU#enquiry_source--Search,Westmere,1
263,Common Room in 269 Toh Guan Road,$950/mo,https://99.co/singapore/rooms/property/269-toh-guan-road-hdb-LK25KwDpdnsL2bijPHBKrx#enquiry_source--Search,269 Toh Guan Road,17
264,Common Room in 270 Toh Guan Road,"$1,000/mo",https://99.co/singapore/rooms/property/270-toh-guan-road-hdb-nNpEd5H6wrKyEHeD7zHF3i#enquiry_source--Search,270 Toh Guan Road,16
265,Common Room in Westmere,"$155,000/mo",https://99.co/singapore/rooms/property/westmere-condo-UHWCwZPzVEfTNTEasY8ELV#enquiry_source--Search,Westmere,4
266,Common Room in 102 Jurong East Street 13,$650/mo,https://99.co/singapore/rooms/property/102-jurong-east-street-13-hdb-6bvs3mQES5YfHVhjqWgWfj#enquiry_source--Search,102 Jurong East Street 13,13
267,Common Room in Westmere,"$1,550/mo",https://99.co/singapore/rooms/property/westmere-condo-RCEHPArgWMRgmkvneGGdF3#enquiry_source--Search,Westmere,11
268,Master Room in 208 Jurong East Street 21,"$1,200/mo",https://99.co/singapore/rooms/property/208-jurong-east-street-21-hdb-BkiHySYBYc3n2d8KG2UYyE#enquiry_source--Search,208 Jurong East Street 21,12
269,Common Room in 285A Toh Guan Road,"$1,000/mo",https://99.co/singapore/rooms/property/285a-toh-guan-road-hdb-8m4MzuRxMKp3LWLeJ3f3Cd#enquiry_source--Search,285A Toh Guan Road,5
270,Common Room in 108 Jurong East Street 13,"$1,100/mo",https://99.co/singapore/rooms/property/108-jurong-east-street-13-hdb-5BHyUVqkAxLWP4crwkMiWJ#enquiry_source--Search,108 Jurong East Street 13,18
271,Master Room in 229 Jurong East Street 21,"$1,800/mo",https://99.co/singapore/rooms/property/229-jurong-east-street-21-hdb-5bSGoCDzSvEWYzBi6ctFPz#enquiry_source--Search,229 Jurong East Street 21,5
272,Master Room in Westmere,"$1,350/mo",https://99.co/singapore/rooms/property/westmere-condo-k6zPS2tQH8kfVWe4fxqkDc#enquiry_source--Search,Westmere,6
273,Room in 216 Jurong East Street 21,"$1,000/mo",https://99.co/singapore/rooms/property/216-jurong-east-street-21-hdb-Q8VmSDukEqMN7JhByQcr9F#enquiry_source--Search,216 Jurong East Street 21,6
274,Room in 211 Jurong East Street 21,"$1,000/mo",https://99.co/singapore/rooms/property/211-jurong-east-street-21-hdb-2F9NdBGMRjcyeQmdepgGhq#enquiry_source--Search,211 Jurong East Street 21,18
275,Room in J Gateway,"$6,500/mo",https://99.co/singapore/rooms/property/j-gateway-condo-YnSMB43BYBFENUu56bab2Z#enquiry_source--Search,J Gateway,6
276,Common Room in 209 Jurong East Street 21,"$1,100/mo",https://99.co/singapore/rooms/property/209-jurong-east-street-21-hdb-fFB2WnTbnWcDEpCeFccKmU#enquiry_source--Search,209 Jurong East Street 21,8
277,Common Room in 279 Toh Guan Road,$800/mo,https://99.co/singapore/rooms/property/279-toh-guan-road-hdb-T6VeqBqW3i2PVdbH36e26o#enquiry_source--Search,279 Toh Guan Road,9
278,Common Room in 133 Bukit Batok West Avenue 6,$900/mo,https://99.co/singapore/rooms/property/133-bukit-batok-west-avenue-6-hdb-C4oZoYNS56ZERCyMNBQghX#enquiry_source--Nearby_Listings,133 Bukit Batok West Avenue 6,1
279,Common Room in 20 Teban Gardens Road,"$1,350/mo",https://99.co/singapore/rooms/property/20-teban-gardens-road-hdb-o7ptdKvAGatMahzCX3mpzt#enquiry_source--Nearby_Listings,20 Teban Gardens Road,0
280,Master Room in The Jade,"$2,100/mo",https://99.co/singapore/rooms/property/the-jade-condo-7hFezuZdRwtr5h4MvrrcYv#enquiry_source--Nearby_Listings,The Jade,17
281,Common Room in 309 Jurong East Street 32,"$1,100/mo",https://99.co/singapore/rooms/property/309-jurong-east-street-32-hdb-6dN2wpBgXvNJaQ8v3xk9EG#enquiry_source--Nearby_Listings,309 Jurong East Street 32,13
282,Common Room in The Mayfair,"$1,300/mo",https://99.co/singapore/rooms/property/the-mayfair-condo-aa8d5ma5TCrjBtgp6SejvX#enquiry_source--Nearby_Listings,The Mayfair,11
283,Master Room in Lake Life,"$1,500/mo",https://99.co/singapore/rooms/property/lake-life-condo-i2nUBUBUyF2TNtFcEvuUHT#enquiry_source--Nearby_Listings,Lake Life,9
284,Common Room in 134 Bukit Batok West Avenue 6,"$1,200/mo",https://99.co/singapore/rooms/property/134-bukit-batok-west-avenue-6-hdb-EJAXHWDWh4iDkjiJpEF395#enquiry_source--Nearby_Listings,134 Bukit Batok West Avenue 6,0
285,Master Room in Parc Oasis,"$2,300/mo",https://99.co/singapore/rooms/property/parc-oasis-condo-Cy73FFMoKCBWZppja5GuMz#enquiry_source--Nearby_Listings,Parc Oasis,9
286,Common Room in 34 Teban Gardens Road,$550/mo,https://99.co/singapore/rooms/property/34-teban-gardens-road-hdb-5tgrrK4SARjTrxkc8kHJgo#enquiry_source--Nearby_Listings,34 Teban Gardens Road,5
287,Common Room in 206 Bukit Batok Street 21,"$1,100/mo",https://99.co/singapore/rooms/property/206-bukit-batok-street-21-hdb-SKJDFKQbSzWKjWUyoP2G6x#enquiry_source--Nearby_Listings,206 Bukit Batok Street 21,17
288,Common Room in Parc Riviera,"$1,350/mo",https://99.co/singapore/rooms/property/parc-riviera-condo-MYKbGz4ifFFKfNFguRs2dL#enquiry_source--Nearby_Listings,Parc Riviera,14
289,Common Room in 172 Bukit Batok West Avenue 8,"$1,100/mo",https://99.co/singapore/rooms/property/172-bukit-batok-west-avenue-8-hdb-9WBL98RHarUpEvzJ6kLbvB#enquiry_source--Nearby_Listings,172 Bukit Batok West Avenue 8,13
290,Common Room in 187 Bukit Batok West Avenue 6,$700/mo,https://99.co/singapore/rooms/property/187-bukit-batok-west-avenue-6-hdb-2XvvXCLCfFeAFrn92iej6U#enquiry_source--Nearby_Listings,187 Bukit Batok West Avenue 6,16
291,Master Room in 161 Bukit Batok Street 11,"$1,200/mo",https://99.co/singapore/rooms/property/161-bukit-batok-street-11-hdb-K9hT94wBcpsNyFFucQM67t#enquiry_source--Nearby_Listings,161 Bukit Batok Street 11,20
292,Master Room in 183 Bukit Batok West Avenue 8,"$1,300/mo",https://99.co/singapore/rooms/property/183-bukit-batok-west-avenue-8-hdb-icwYDqA94wzTL8wEXGApN9#enquiry_source--Nearby_Listings,183 Bukit Batok West Avenue 8,17
293,Common Room in The Mayfair,"$1,280/mo",https://99.co/singapore/rooms/property/the-mayfair-condo-bBx2CeyXB4S4wj7inNZqQ6#enquiry_source--Nearby_Listings,The Mayfair,14
294,Common Room in 194 Bukit Batok West Avenue 6,"$1,200/mo",https://99.co/singapore/rooms/property/194-bukit-batok-west-avenue-6-hdb-cXSGrdkbLtoZQtjTQdy7K5#enquiry_source--Nearby_Listings,194 Bukit Batok West Avenue 6,17
295,Master Room in Parc Oasis,"$2,000/mo",https://99.co/singapore/rooms/property/parc-oasis-condo-dRD3uRMjterV9PpQ5bsiCY#enquiry_source--Nearby_Listings,Parc Oasis,15
296,Common Room in 23 Teban Gardens Road,$700/mo,https://99.co/singapore/rooms/property/23-teban-gardens-road-hdb-N3EctgCWVuAKifsUQCytkW#enquiry_source--Nearby_Listings,23 Teban Gardens Road,4
297,Common Room in 189 Bukit Batok West Avenue 6,$900/mo,https://99.co/singapore/rooms/property/189-bukit-batok-west-avenue-6-hdb-4nEzUqgzCRFRmFSbPYHwhX#enquiry_source--Nearby_Listings,189 Bukit Batok West Avenue 6,4
298,Master Room in Balmoral Luck,"$1,800/mo",https://99.co/singapore/rooms/property/balmoral-luck-condo-9afMDexPvsn8Ja46C3ncvU#enquiry_source--Search,Balmoral Luck,11
299,Master Room in Sing Avenue,"$2,000/mo",https://99.co/singapore/rooms/property/sing-avenue-landed-EQSv7apXTLyqERmbd2PBop#enquiry_source--Search,Sing Avenue,18
300,Common Room in 646 Jurong West Street 61,$800/mo,https://99.co/singapore/rooms/property/646-jurong-west-street-61-hdb-DqfxxsxARUU3xD3ovUuat9#enquiry_source--Search,646 Jurong West Street 61,4
301,,"$1,500/mo",https://99.co/singapore/rooms/property/28c-dover-crescent-hdb-3YSF2wZHrM3N6X9TN5oqzs#enquiry_source--Search,,19
302,Common Room in 4 Holland Close,"$1,500/mo",https://99.co/singapore/rooms/property/4-holland-close-hdb-KmQG2BJK44KGFoDYrSyxYB#enquiry_source--Search,4 Holland Close,10
303,Common Room in 4 Holland Close,"$1,350/mo",https://99.co/singapore/rooms/property/4-holland-close-hdb-KhJvkwJHfBtv4xevvDvhpw#enquiry_source--Search,4 Holland Close,13
304,Master Room in One-North Residences,"$3,900/mo",https://99.co/singapore/rooms/property/onenorth-residences-condo-76pouXRQxU7vLdy7fjzkSZ#enquiry_source--Search,One-North Residences,3
305,Common Room in 6 Holland Close,"$1,500/mo",https://99.co/singapore/rooms/property/6-holland-close-hdb-j7duMXXxsrTw2mLoJsGbYL#enquiry_source--Search,6 Holland Close,4
306,Common Room in 4 Holland Close,"$1,500/mo",https://99.co/singapore/rooms/property/4-holland-close-hdb-Je5AmtNVhL3h4miaePtQzc#enquiry_source--Search,4 Holland Close,19
307,Common Room in 4 Holland Close,"$1,350/mo",https://99.co/singapore/rooms/property/4-holland-close-hdb-4XwuSzLBuJNqRCG3ACZ9KL#enquiry_source--Search,4 Holland Close,11
308,Common Room in 7 Commonwealth Avenue,"$1,100/mo",https://99.co/singapore/rooms/property/7-commonwealth-avenue-hdb-EhnGWK7eR29oXvFLCg3vNE#enquiry_source--Search,7 Commonwealth Avenue,6
309,Common Room in One-North Residences,"$3,000/mo",https://99.co/singapore/rooms/property/onenorth-residences-condo-YaYA2KgD5hLtECeUG9ekop#enquiry_source--Search,One-North Residences,12
310,Common Room in 3 Ghim Moh Road,$900/mo,https://99.co/singapore/rooms/property/3-ghim-moh-road-hdb-k9bTv2xHTcKA4fALS4vTY5#enquiry_source--Search,3 Ghim Moh Road,1
311,Common Room in Willyn Ville,"$2,400/mo",https://99.co/singapore/rooms/property/willyn-ville-condo-9HufnA9Jqu6X2UWncDyLMN#enquiry_source--Search,Willyn Ville,14
312,Room in 13 Holland Drive,"$2,100/mo",https://99.co/singapore/rooms/property/13-holland-drive-hdb-ZC3S6fyrAhyd9e5Z4rx65p#enquiry_source--Search,13 Holland Drive,12
313,Common Room in 31 Ghim Moh Link,"$1,100/mo",https://99.co/singapore/rooms/property/31-ghim-moh-link-hdb-H3dw86cGuKW4xnJnLHm42N#enquiry_source--Search,31 Ghim Moh Link,17
314,Common Room in Willyn Ville,"$2,400/mo",https://99.co/singapore/rooms/property/willyn-ville-condo-rcUquqLNQy96EeXxpUFaZg#enquiry_source--Search,Willyn Ville,7
315,Common Room in 31 Ghim Moh Link,"$1,350/mo",https://99.co/singapore/rooms/property/31-ghim-moh-link-hdb-2pb2LvKMrazQWESoaacKJb#enquiry_source--Search,31 Ghim Moh Link,0
316,Common Room in 19 Ghim Moh Road,"$1,000/mo",https://99.co/singapore/rooms/property/19-ghim-moh-road-hdb-Uzdimr3K9eGVHNbTwrstC2#enquiry_source--Search,19 Ghim Moh Road,13
317,Master Room in Dover Parkview,"$2,300/mo",https://99.co/singapore/rooms/property/dover-parkview-condo-NmgBMyUSdhJAFGrR7NT8La#enquiry_source--Search,Dover Parkview,10
318,Master Room in 27 Ghim Moh Link,"$1,400/mo",https://99.co/singapore/rooms/property/27-ghim-moh-link-hdb-HYiGwRqE2WFsYysgmKxzuR#enquiry_source--Search,27 Ghim Moh Link,1
319,Room in Heritage View,"$1,550/mo",https://99.co/singapore/rooms/property/heritage-view-condo-9oFe4RvCnuPAHMmsyGEpWc#enquiry_source--Search,Heritage View,14
320,Master Room in 13 Holland Drive,"$1,800/mo",https://99.co/singapore/rooms/property/13-holland-drive-hdb-QghiEm6YYLnhS8YiZtTeZk#enquiry_source--Search,13 Holland Drive,11
321,Room in 30A Holland Close,"$1,400/mo",https://99.co/singapore/rooms/property/30a-holland-close-hdb-EQYtZX4B9EEuaa4Zm8cxoB#enquiry_source--Search,30A Holland Close,18
322,Common Room in 19 Dover Crescent,"$1,700/mo",https://99.co/singapore/rooms/property/19-dover-crescent-hdb-AhFHAgfuKhcKCp4LkuraNX#enquiry_source--Search,19 Dover Crescent,2
323,Common Room in 31 Holland Close,"$1,800/mo",https://99.co/singapore/rooms/property/31-holland-close-hdb-7az6Zs9SRJkKJwsPF62s5L#enquiry_source--Search,31 Holland Close,13
324,Common Room in 4 Ghim Moh Road,$900/mo,https://99.co/singapore/rooms/property/4-ghim-moh-road-hdb-fKujMjG9ujhvgR7uVSxLMn#enquiry_source--Search,4 Ghim Moh Road,1
325,Common Room in 19 Dover Crescent,"$1,500/mo",https://99.co/singapore/rooms/property/19-dover-crescent-hdb-VusBpJY4FuBUmnLY8UEERg#enquiry_source--Search,19 Dover Crescent,10
326,Common Room in 11 Holland Drive,"$1,088/mo",https://99.co/singapore/rooms/property/11-holland-drive-hdb-a55832qLPPdcejcFuxLh87#enquiry_source--Search,11 Holland Drive,1
327,Common Room in 21 Ghim Moh Road,"$1,300/mo",https://99.co/singapore/rooms/property/21-ghim-moh-road-hdb-CXaTx88MZG6bejvY5mPSn2#enquiry_source--Search,21 Ghim Moh Road,10
328,Common Room in 87 Commonwealth Close,"$1,500/mo",https://99.co/singapore/rooms/property/87-commonwealth-close-hdb-JuiCA28mk5p43Mz9GVFtbx#enquiry_source--Nearby_Listings,87 Commonwealth Close,19
329,Room in Margaret Ville,"$3,500/mo",https://99.co/singapore/rooms/property/margaret-ville-condo-mDPKVn2zeVmkSmeih5ve8Q#enquiry_source--Nearby_Listings,Margaret Ville,7
330,Master Room in The Trizon,"$11,500/mo",https://99.co/singapore/rooms/property/the-trizon-condo-RmWKyjMKa46XzHskWt6suQ#enquiry_source--Nearby_Listings,The Trizon,10
331,Common Room in 102 Commonwealth Crescent,"$1,200/mo",https://99.co/singapore/rooms/property/102-commonwealth-crescent-hdb-8iwo4oz3GxoCBxsWo4nayK#enquiry_source--Nearby_Listings,102 Commonwealth Crescent,12
332,Common Room in Holland Tower,"$1,500/mo",https://99.co/singapore/rooms/property/holland-tower-condo-93WGYzhRCdAYZuc5TYKAKa#enquiry_source--Nearby_Listings,Holland Tower,9
333,Common Room in 30 Margaret Drive,"$1,000/mo",https://99.co/singapore/rooms/property/30-margaret-drive-hdb-39AfArZrLzzWnui55zRT69#enquiry_source--Nearby_Listings,30 Margaret Drive,10
334,Room in 90 Commonwealth Drive,"$1,600/mo",https://99.co/singapore/rooms/property/90-commonwealth-drive-hdb-crSuNqLBTYbEUZApqRVDb7#enquiry_source--Nearby_Listings,90 Commonwealth Drive,16
335,Common Room in Pandan Valley,"$1,300/mo",https://99.co/singapore/rooms/property/pandan-valley-condo-b2XFuB7W2we2TRGTWi82aX#enquiry_source--Nearby_Listings,Pandan Valley,19
336,Master Room in Dynasty Garden,"$2,000/mo",https://99.co/singapore/rooms/property/dynasty-garden-condo-ZMAFW8JfQaREG2vHLaAzof#enquiry_source--Nearby_Listings,Dynasty Garden,0
337,Common Room in 83 Commonwealth Close,"$1,400/mo",https://99.co/singapore/rooms/property/83-commonwealth-close-hdb-GUHHnAwbyAiGjkfbhGu2eq#enquiry_source--Nearby_Listings,83 Commonwealth Close,19
338,Common Room in 81 Commonwealth Close,"$1,400/mo",https://99.co/singapore/rooms/property/81-commonwealth-close-hdb-MECqUGZLRNMqY8TWyCdw3o#enquiry_source--Nearby_Listings,81 Commonwealth Close,14
339,Room in Holland Tower,"$1,600/mo",https://99.co/singapore/rooms/property/holland-tower-condo-F4AfrfMDGSs7rxVXUXtfEo#enquiry_source--Nearby_Listings,Holland Tower,3
340,Room in Holland Tower,"$2,500/mo",https://99.co/singapore/rooms/property/holland-tower-condo-9vs4TJCoQFpiThKR3MuCMY#enquiry_source--Nearby_Listings,Holland Tower,0
341,Common Room in Spanish Village,"$1,600/mo",https://99.co/singapore/rooms/property/spanish-village-condo-Cm6o8kvng4QKykatVCBE7T#enquiry_source--Nearby_Listings,Spanish Village,15
342,Master Room in 93 Commonwealth Drive,"$1,000/mo",https://99.co/singapore/rooms/property/93-commonwealth-drive-hdb-dka7ebQ4F8SczWWmGm9ZYD#enquiry_source--Nearby_Listings,93 Commonwealth Drive,14
343,Common Room in Ming Teck Park,"$2,200/mo",https://99.co/singapore/rooms/property/sixth-avenue-landed-SLfrVTPCZXL9vyNhQkT4br#enquiry_source--Nearby_Listings,Ming Teck Park,11
344,Common Room in Ridgewood Condominium,"$1,500/mo",https://99.co/singapore/rooms/property/ridgewood-condominium-condo-QSTtnfhDvp5azXpWnHosoR#enquiry_source--Nearby_Listings,Ridgewood Condominium,0
345,Common Room in Parksuites,"$1,700/mo",https://99.co/singapore/rooms/property/holland-grove-road-landed-AjxVrYXcfMnrRzWoHAxkFm#enquiry_source--Nearby_Listings,Parksuites,20
346,Master Room in Dynasty Garden,"$1,998/mo",https://99.co/singapore/rooms/property/dynasty-garden-condo-JpsbuajnV6grvHsS3Nc9RU#enquiry_source--Nearby_Listings,Dynasty Garden,5
347,Common Room in 102 Commonwealth Crescent,"$1,100/mo",https://99.co/singapore/rooms/property/102-commonwealth-crescent-hdb-y9ppiKCPy7igkcKF3CZhTc#enquiry_source--Nearby_Listings,102 Commonwealth Crescent,3
348,Common Room in 90 Commonwealth Drive,"$1,600/mo",https://99.co/singapore/rooms/property/90-commonwealth-drive-hdb-926Cb4aiKFiMujdgjJXNVb#enquiry_source--Nearby_Listings,90 Commonwealth Drive,7
349,Room in Pandan Valley,"$3,500/mo",https://99.co/singapore/rooms/property/pandan-valley-condo-hCu8L64hn3FFTCeiAHJFrC#enquiry_source--Nearby_Listings,Pandan Valley,4
350,Room in Astor Green,"$1,600/mo",https://99.co/singapore/rooms/property/astor-green-condo-dQtDbw6Xwf4ZtXduo9nmYg#enquiry_source--Nearby_Listings,Astor Green,15
351,Common Room in 92 Commonwealth Drive,$900/mo,https://99.co/singapore/rooms/property/92-commonwealth-drive-hdb-bmQpr5riGv3h8byWhCGTtZ#enquiry_source--Nearby_Listings,92 Commonwealth Drive,17
352,Common Room in Holland Grove,"$3,000/mo",https://99.co/singapore/rooms/property/holland-grove-view-landed-XqfQsnV92zYoCSxJEVWgc3#enquiry_source--Nearby_Listings,Holland Grove,0
353,Room in 83 Commonwealth Close,"$1,400/mo",https://99.co/singapore/rooms/property/83-commonwealth-close-hdb-ZthWVASuXRCny7ZKyNtSRt#enquiry_source--Nearby_Listings,83 Commonwealth Close,13
354,Room in 90 Tanglin Halt Road,"$1,800/mo",https://99.co/singapore/rooms/property/90-tanglin-halt-road-hdb-gbtVMcVVV2FEGGs6j7ANBw#enquiry_source--Nearby_Listings,90 Tanglin Halt Road,11
355,Common Room in Spanish Village,"$1,900/mo",https://99.co/singapore/rooms/property/spanish-village-condo-2HiS58HxB9o52L4wbWdKQG#enquiry_source--Nearby_Listings,Spanish Village,0
356,Common Room in Sixth Avenue,"$2,200/mo",https://99.co/singapore/rooms/property/sixth-avenue-landed-jcvbrrHYa3E3wJVVtSWcvY#enquiry_source--Nearby_Listings,Sixth Avenue,14
357,Common Room in 34 Margaret Drive,"$1,200/mo",https://99.co/singapore/rooms/property/34-margaret-drive-hdb-Doyama5vSP7VMsGzeBX4VF#enquiry_source--Nearby_Listings,34 Margaret Drive,0
358,Common Room in 23A Queen'S Close,$750/mo,https://99.co/singapore/rooms/property/23a-queens-close-hdb-LZFgdHUmpGeASjdrFWv2bb#enquiry_source--Nearby_Listings,23A Queen'S Close,5
359,Common Room in 1 Dover Road,"$1,000/mo",https://99.co/singapore/rooms/property/1-dover-road-hdb-DUXmVKBqVh3nhKjHnVReU7#enquiry_source--Search,1 Dover Road,7
360,Common Room in 28C Dover Crescent,"$1,500/mo",https://99.co/singapore/rooms/property/28c-dover-crescent-hdb-3YSF2wZHrM3N6X9TN5oqzs#enquiry_source--Search,28C Dover Crescent,0
361,Master Room in One-North Residences,"$3,900/mo",https://99.co/singapore/rooms/property/onenorth-residences-condo-76pouXRQxU7vLdy7fjzkSZ#enquiry_source--Search,One-North Residences,19
362,Common Room in One-North Residences,"$3,000/mo",https://99.co/singapore/rooms/property/onenorth-residences-condo-YaYA2KgD5hLtECeUG9ekop#enquiry_source--Search,One-North Residences,9
363,Master Room in Dover Parkview,"$2,300/mo",https://99.co/singapore/rooms/property/dover-parkview-condo-NmgBMyUSdhJAFGrR7NT8La#enquiry_source--Search,Dover Parkview,15
364,Room in Heritage View,"$1,550/mo",https://99.co/singapore/rooms/property/heritage-view-condo-9oFe4RvCnuPAHMmsyGEpWc#enquiry_source--Search,Heritage View,9
365,Common Room in 87 Commonwealth Close,"$1,500/mo",https://99.co/singapore/rooms/property/87-commonwealth-close-hdb-JuiCA28mk5p43Mz9GVFtbx#enquiry_source--Nearby_Listings,87 Commonwealth Close,3
366,Common Room in 153 Mei Ling Street,"$1,200/mo",https://99.co/singapore/rooms/property/153-mei-ling-street-hdb-9DhZhM96Dvovt2DrfFnB3n#enquiry_source--Nearby_Listings,153 Mei Ling Street,17
367,Master Room in Willyn Ville,"$2,700/mo",https://99.co/singapore/rooms/property/willyn-ville-condo-B97q9CYmtCpKg7xexB5Sum#enquiry_source--Nearby_Listings,Willyn Ville,4
368,Common Room in 13 Holland Drive,"$1,100/mo",https://99.co/singapore/rooms/property/13-holland-drive-hdb-7KVNEzVeEDrKMaSmztn9Fy#enquiry_source--Nearby_Listings,13 Holland Drive,5
369,Room in Margaret Ville,"$3,500/mo",https://99.co/singapore/rooms/property/margaret-ville-condo-mDPKVn2zeVmkSmeih5ve8Q#enquiry_source--Nearby_Listings,Margaret Ville,18
370,Common Room in 4 Holland Close,"$1,500/mo",https://99.co/singapore/rooms/property/4-holland-close-hdb-KmQG2BJK44KGFoDYrSyxYB#enquiry_source--Nearby_Listings,4 Holland Close,4
371,Common Room in 4 Holland Close,"$1,350/mo",https://99.co/singapore/rooms/property/4-holland-close-hdb-KhJvkwJHfBtv4xevvDvhpw#enquiry_source--Nearby_Listings,4 Holland Close,18
372,Master Room in Star Point,"$2,400/mo",https://99.co/singapore/rooms/property/star-point-condo-VtsbHFKitQYrJrY62ECUWy#enquiry_source--Nearby_Listings,Star Point,6
373,Common Room in 6 Holland Close,"$1,500/mo",https://99.co/singapore/rooms/property/6-holland-close-hdb-j7duMXXxsrTw2mLoJsGbYL#enquiry_source--Nearby_Listings,6 Holland Close,5
374,Common Room in Star Point,"$2,400/mo",https://99.co/singapore/rooms/property/star-point-condo-nRNoNaGdeebNPyxTnPxHPz#enquiry_source--Nearby_Listings,Star Point,10
375,Common Room in 102 Commonwealth Crescent,"$1,200/mo",https://99.co/singapore/rooms/property/102-commonwealth-crescent-hdb-8iwo4oz3GxoCBxsWo4nayK#enquiry_source--Nearby_Listings,102 Commonwealth Crescent,19
376,Common Room in Holland Tower,"$1,500/mo",https://99.co/singapore/rooms/property/holland-tower-condo-93WGYzhRCdAYZuc5TYKAKa#enquiry_source--Nearby_Listings,Holland Tower,2
377,Common Room in 4 Holland Close,"$1,500/mo",https://99.co/singapore/rooms/property/4-holland-close-hdb-Je5AmtNVhL3h4miaePtQzc#enquiry_source--Nearby_Listings,4 Holland Close,19
378,Common Room in 30 Margaret Drive,"$1,000/mo",https://99.co/singapore/rooms/property/30-margaret-drive-hdb-39AfArZrLzzWnui55zRT69#enquiry_source--Nearby_Listings,30 Margaret Drive,0
379,Common Room in 4 Holland Close,"$1,350/mo",https://99.co/singapore/rooms/property/4-holland-close-hdb-4XwuSzLBuJNqRCG3ACZ9KL#enquiry_source--Nearby_Listings,4 Holland Close,10
380,Common Room in 7 Commonwealth Avenue,"$1,100/mo",https://99.co/singapore/rooms/property/7-commonwealth-avenue-hdb-EhnGWK7eR29oXvFLCg3vNE#enquiry_source--Nearby_Listings,7 Commonwealth Avenue,17
381,Room in 90 Commonwealth Drive,"$1,600/mo",https://99.co/singapore/rooms/property/90-commonwealth-drive-hdb-crSuNqLBTYbEUZApqRVDb7#enquiry_source--Nearby_Listings,90 Commonwealth Drive,5
382,Room in Pasir Panjang Hill,"$2,900/mo",https://99.co/singapore/rooms/property/pasir-panjang-hill-landed-JeXTKUMmSNub8YEqieWVGu#enquiry_source--Nearby_Listings,Pasir Panjang Hill,8
383,Common Room in Horizon Residences,"$1,800/mo",https://99.co/singapore/rooms/property/horizon-residences-condo-be7FWmm6MXFN5t65ENk4VV#enquiry_source--Nearby_Listings,Horizon Residences,12
384,Common Room in 3 Ghim Moh Road,$900/mo,https://99.co/singapore/rooms/property/3-ghim-moh-road-hdb-k9bTv2xHTcKA4fALS4vTY5#enquiry_source--Nearby_Listings,3 Ghim Moh Road,15
385,Common Room in 83 Commonwealth Close,"$1,400/mo",https://99.co/singapore/rooms/property/83-commonwealth-close-hdb-GUHHnAwbyAiGjkfbhGu2eq#enquiry_source--Nearby_Listings,83 Commonwealth Close,14
386,Common Room in Willyn Ville,"$2,400/mo",https://99.co/singapore/rooms/property/willyn-ville-condo-9HufnA9Jqu6X2UWncDyLMN#enquiry_source--Nearby_Listings,Willyn Ville,11
387,Room in 13 Holland Drive,"$2,100/mo",https://99.co/singapore/rooms/property/13-holland-drive-hdb-ZC3S6fyrAhyd9e5Z4rx65p#enquiry_source--Nearby_Listings,13 Holland Drive,12
388,Common Room in 31 Ghim Moh Link,"$1,100/mo",https://99.co/singapore/rooms/property/31-ghim-moh-link-hdb-H3dw86cGuKW4xnJnLHm42N#enquiry_source--Nearby_Listings,31 Ghim Moh Link,7
389,Common Room in Willyn Ville,"$2,400/mo",https://99.co/singapore/rooms/property/willyn-ville-condo-rcUquqLNQy96EeXxpUFaZg#enquiry_source--Nearby_Listings,Willyn Ville,10
390,Common Room in 81 Commonwealth Close,"$1,400/mo",https://99.co/singapore/rooms/property/81-commonwealth-close-hdb-MECqUGZLRNMqY8TWyCdw3o#enquiry_source--Nearby_Listings,81 Commonwealth Close,2
391,Room in Holland Tower,"$1,600/mo",https://99.co/singapore/rooms/property/holland-tower-condo-F4AfrfMDGSs7rxVXUXtfEo#enquiry_source--Nearby_Listings,Holland Tower,3
392,Room in Holland Tower,"$2,500/mo",https://99.co/singapore/rooms/property/holland-tower-condo-9vs4TJCoQFpiThKR3MuCMY#enquiry_source--Nearby_Listings,Holland Tower,2
393,Common Room in 31 Ghim Moh Link,"$1,350/mo",https://99.co/singapore/rooms/property/31-ghim-moh-link-hdb-2pb2LvKMrazQWESoaacKJb#enquiry_source--Nearby_Listings,31 Ghim Moh Link,0
394,Master Room in 93 Commonwealth Drive,"$1,000/mo",https://99.co/singapore/rooms/property/93-commonwealth-drive-hdb-dka7ebQ4F8SczWWmGm9ZYD#enquiry_source--Nearby_Listings,93 Commonwealth Drive,7
395,Common Room in 19 Ghim Moh Road,"$1,000/mo",https://99.co/singapore/rooms/property/19-ghim-moh-road-hdb-Uzdimr3K9eGVHNbTwrstC2#enquiry_source--Nearby_Listings,19 Ghim Moh Road,19
396,Common Room in Parksuites,"$1,700/mo",https://99.co/singapore/rooms/property/holland-grove-road-landed-AjxVrYXcfMnrRzWoHAxkFm#enquiry_source--Nearby_Listings,Parksuites,3
397,Common Room in 102 Commonwealth Crescent,"$1,100/mo",https://99.co/singapore/rooms/property/102-commonwealth-crescent-hdb-y9ppiKCPy7igkcKF3CZhTc#enquiry_source--Nearby_Listings,102 Commonwealth Crescent,8
398,Master Room in 27 Ghim Moh Link,"$1,400/mo",https://99.co/singapore/rooms/property/27-ghim-moh-link-hdb-HYiGwRqE2WFsYysgmKxzuR#enquiry_source--Nearby_Listings,27 Ghim Moh Link,4
399,Common Room in 90 Commonwealth Drive,"$1,600/mo",https://99.co/singapore/rooms/property/90-commonwealth-drive-hdb-926Cb4aiKFiMujdgjJXNVb#enquiry_source--Nearby_Listings,90 Commonwealth Drive,10
400,Common Room in 166 Stirling Road,"$1,200/mo",https://99.co/singapore/rooms/property/166-stirling-road-hdb-bErsRMRXUYBXKDqH8cwt4R#enquiry_source--Nearby_Listings,166 Stirling Road,11
401,Master Room in 13 Holland Drive,"$1,800/mo",https://99.co/singapore/rooms/property/13-holland-drive-hdb-QghiEm6YYLnhS8YiZtTeZk#enquiry_source--Nearby_Listings,13 Holland Drive,17
402,Room in 30A Holland Close,"$1,400/mo",https://99.co/singapore/rooms/property/30a-holland-close-hdb-EQYtZX4B9EEuaa4Zm8cxoB#enquiry_source--Nearby_Listings,30A Holland Close,12
403,Common Room in 19 Dover Crescent,"$1,700/mo",https://99.co/singapore/rooms/property/19-dover-crescent-hdb-AhFHAgfuKhcKCp4LkuraNX#enquiry_source--Nearby_Listings,19 Dover Crescent,12
404,Room in Star Point,"$1,800/mo",https://99.co/singapore/rooms/property/star-point-condo-9AwrH7HVqAHygvH54YUbXd#enquiry_source--Nearby_Listings,Star Point,10
405,Common Room in 31 Holland Close,"$1,800/mo",https://99.co/singapore/rooms/property/31-holland-close-hdb-7az6Zs9SRJkKJwsPF62s5L#enquiry_source--Nearby_Listings,31 Holland Close,17
406,Common Room in 92 Commonwealth Drive,$900/mo,https://99.co/singapore/rooms/property/92-commonwealth-drive-hdb-bmQpr5riGv3h8byWhCGTtZ#enquiry_source--Nearby_Listings,92 Commonwealth Drive,1
407,Common Room in Holland Grove,"$3,000/mo",https://99.co/singapore/rooms/property/holland-grove-view-landed-XqfQsnV92zYoCSxJEVWgc3#enquiry_source--Nearby_Listings,Holland Grove,15
408,Common Room in Buona Vista Gardens,"$1,400/mo",https://99.co/singapore/rooms/property/buona-vista-gardens-condo-mEu33q5qf6pugGzZ4tbX4T#enquiry_source--Nearby_Listings,Buona Vista Gardens,12
409,Room in 83 Commonwealth Close,"$1,400/mo",https://99.co/singapore/rooms/property/83-commonwealth-close-hdb-ZthWVASuXRCny7ZKyNtSRt#enquiry_source--Nearby_Listings,83 Commonwealth Close,11
410,Room in 90 Tanglin Halt Road,"$1,800/mo",https://99.co/singapore/rooms/property/90-tanglin-halt-road-hdb-gbtVMcVVV2FEGGs6j7ANBw#enquiry_source--Nearby_Listings,90 Tanglin Halt Road,15
411,Common Room in 4 Ghim Moh Road,$900/mo,https://99.co/singapore/rooms/property/4-ghim-moh-road-hdb-fKujMjG9ujhvgR7uVSxLMn#enquiry_source--Nearby_Listings,4 Ghim Moh Road,11
412,Common Room in 19 Dover Crescent,"$1,500/mo",https://99.co/singapore/rooms/property/19-dover-crescent-hdb-VusBpJY4FuBUmnLY8UEERg#enquiry_source--Nearby_Listings,19 Dover Crescent,14
413,Common Room in 11 Holland Drive,"$1,088/mo",https://99.co/singapore/rooms/property/11-holland-drive-hdb-a55832qLPPdcejcFuxLh87#enquiry_source--Nearby_Listings,11 Holland Drive,7
414,Common Room in 21 Ghim Moh Road,"$1,300/mo",https://99.co/singapore/rooms/property/21-ghim-moh-road-hdb-CXaTx88MZG6bejvY5mPSn2#enquiry_source--Nearby_Listings,21 Ghim Moh Road,20
415,Common Room in 154 Mei Ling Street,"$1,100/mo",https://99.co/singapore/rooms/property/154-mei-ling-street-hdb-ZJF6GczdBUBU2wMcnwMCJ7#enquiry_source--Nearby_Listings,154 Mei Ling Street,14
416,Common Room in 34 Margaret Drive,"$1,200/mo",https://99.co/singapore/rooms/property/34-margaret-drive-hdb-Doyama5vSP7VMsGzeBX4VF#enquiry_source--Nearby_Listings,34 Margaret Drive,11
417,Common Room in 23A Queen'S Close,$750/mo,https://99.co/singapore/rooms/property/23a-queens-close-hdb-LZFgdHUmpGeASjdrFWv2bb#enquiry_source--Nearby_Listings,23A Queen'S Close,14
418,Room in Liiv Residences,"$3,000/mo",https://99.co/singapore/rooms/property/liiv-residences-condo-JnnUXWGz5j27RfWVocm6md#enquiry_source--Nearby_Listings,Liiv Residences,5
